Comment,Designator,Footprint,LCSC,Quantity
0.1A,F2,R_0603_1608Metric,C3760613,1
0.1uF,"C10,C100,C101,C104,C105,C108,C109,C110,C112,C114,C115,C116,C118,C119,C120,C123,C126,C20,C26,C30,C32,C34,C35,C36,C39,C40,C44,C48,C52,C53,C55,C57,C62,C64,C65,C66,C70,C72,C73,C74,C75,C76,C78,C79,C8,C81,C83,C84,C86,C87,C88,C89,C90,C91,C92,C93,C94,C95,C96,C97,C99",C_0603_1608Metric,C14663,61
0.5A,"F1,F3,F4,F5,F6",R_0603_1608Metric,C269152,5
100,"R46,R47",R_0603_1608Metric,C22775,2
100k,"R124,R125,R127,R132,R35,R51",R_0603_1608Metric,C25803,6
100uF,"C107,C122,C5,C54,C7,C80,C82,C85,C98",C_1206_3216Metric,C883598,9
10CL040f484,U33,FBGA484_WIREBOND_A-2.40_INT,C1521940,1
10k,"R101,R102,R103,R106,R107,R108,R110,R111,R113,R117,R118,R121,R122,R128,R24,R27,R28,R29,R31,R55,R60,R69,R70,R73,R74,R75,R99",R_0603_1608Metric,C25804,27
10nF,"C113,C12,C31,C42",C_0603_1608Metric,C57112,4
10uF,"C117,C14,C37,C45,C47,C61,C9",C_0805_2012Metric,C15850,7
12K 1%,R42,R_0603_1608Metric,C22790,1
12k,R133,R_0603_1608Metric,C22790,1
16pF,"C16,C17",C_0603_1608Metric,C327125,2
18pF,"C124,C125,C24,C25",C_0603_1608Metric,C1647,4
1N4148WS,D6,D_SOD-323,C2128,1
1k,"R104,R115,R16,R30,R36,R43,R48,R49,R50,R54,R56,R59,R67,R68,R7,R94,R98",R_0603_1608Metric,C21190,17
1k47 0.1%,"R83,R89,R91",R_0603_1608Metric,C705739,3
1m,"R1,R116,R23,R37,R39,R8,R9",R_0603_1608Metric,C22935,7
1uF,"C106,C28",C_0805_2012Metric,C28323,2
1uF/DFE252012F-1R0M=P2,"L1,L2,L3",L_1008_2520Metric,C435392,3
2.2nF,"C2,C3",C_0603_1608Metric,C1604,2
2.2uF,"C1,C102,C103,C23,C27,C4,C6,C60,C63",C_0603_1608Metric,C23630,9
20k,"R105,R109,R114,R119",R_0603_1608Metric,C4184,4
22,"RN10,RN7",R_Array_Convex_4x0603,C12008,2
22,"R112,R120,R123,R126,R130,R61,R71,R76,R77,R78,R84,R95,R96",R_0603_1608Metric,C23345,13
22pF,"C15,C18",C_0603_1608Metric,C1653,2
22uF,"C19,C41,C50,C59",C_0805_2012Metric,C45783,4
24MHz,"Y1,Y9",Crystal_SMD_3225-4Pin_3.2x2.5mm,C5122304,2
25MHz,"Y4,Y7",Crystal_SMD_3225-4Pin_3.2x2.5mm,C337661,2
26k1,"R41,R52",R_0603_1608Metric,C49196678,2
270,"RN1,RN2",R_Array_Convex_4x0603,C1966,2
2N7002,Q3,SOT-23,C8545,1
2k7,"R13,R33,R34,R97",R_0603_1608Metric,C13167,4
32.768KHz,Y3,Crystal_SMD_3215-2Pin_3.2x1.5mm,C32346,1
32k4,R32,R_0603_1608Metric,C2998122,1
33pF,"C67,C68,C69",C_0603_1608Metric,C1663,3
4.7nF,"C29,C33,C46,C51",C_0603_1608Metric,C53987,4
4.7uF,"C21,C22,C49",C_0603_1608Metric,C19666,3
40k2,R40,R_0603_1608Metric,C2933218,1
470,"R17,R18,R19,R2,R6",R_0603_1608Metric,C23179,5
47k,"RN12,RN13,RN8",R_Array_Convex_4x0603,C102673,3
47k,"R10,R20,R25,R26,R44,R45",R_0603_1608Metric,C25819,6
47nF,"C11,C13,C38,C43,C56,C58,C71,C77",C_0603_1608Metric,C1622,8
49k9 0.1%,"R85,R87,R90",R_0603_1608Metric,C705780,3
4k7,"RN11,RN3,RN4,RN5,RN6,RN9",R_Array_Convex_4x0603,C1980,6
4k7,"R100,R11,R12,R129,R131,R14,R15,R3,R38,R58,R62,R63,R72,R92,R93",R_0603_1608Metric,C23162,15
5k1,"R21,R22,R4,R5",R_0603_1608Metric,C23186,4
6k04 0.1%,"R82,R86,R88",R_0603_1608Metric,C4109305,3
70@100MHz,"FB1,FB2,FB3,FB4,FB5,FB6,FB7",L_0805_2012Metric,C1012,7
73725-1180RLF,"J21,J25,J26",AMPHENOL_73725-1180RLF,C26235,3
74LVC1G17,U11,SOT-23-5,C7836,1
75,"R64,R65,R66",R_0603_1608Metric,C4275,3
750 0.1%,"R79,R80,R81",R_0603_1608Metric,C543637,3
820,R53,R_0603_1608Metric,C23253,1
8MHz,Y2,Crystal_SMD_3225-4Pin_3.2x2.5mm,C2924617,1
AP2553AW6-7,"U34,U38,U39,U41",SOT-26_L3.0-W1.6-P0.95-LS2.8-BL,C441827,4
AS4C16M16SA,U42,TSOP-II-54_22.2x10.16mm_P0.8mm,C62246,1
ASE-27MHz,Y6,Oscillator_SMD_Abracon_ASE-4Pin_3.2x2.5mm,C37635418,1
BCX51,Q1,SOT-89-3,C475643,1
CONSOL,J24,PinHeader_1x05_P2.54mm_Vertical,C225480,1
CR2032,BT1,BAT-TH_BS-05-A1BJ001,C964752,1
Conn_01x01,J7,PinSocket_1x01_P2.54mm_Vertical,C492400,1
Conn_01x05,J12,PinHeader_1x05_P2.54mm_Vertical,C225480,1
DE15_Pins_HighDensity_MountingHoles,J4,DB9-TH_XDDB-1518-0932,C7498158,1
DMN2058U,Q2,SOT-23,C461001,1
ESP JTAG,J23,IDC-Header_2x05_P2.54mm_Vertical,C5665,1
ESP PGM,J19,PinHeader_1x05_P2.54mm_Vertical,C225480,1
ESP32-WROVER-E-N8R8,U40,WIFI-SMD_ESP32-WROVER-IE8MB,C529589,1
FPGA GPIO,J18,PinSocket_1x07_P2.54mm_Vertical,C225482,1
FPGA JTAG,J22,IDC-Header_2x05_P2.54mm_Vertical,C5665,1
FSUSB42UMX-TP,"U17,U21",XQFN-10_L1.8-W1.4-P0.40-TL,C42370490,2
HDD,Card1,TF-SMD_472192001,C164170,1
HDMI_A,J5,HDMI-SMD_19P-P0.50-H-F,C138388,1
I2C,J27,PinHeader_2x02_P2.54mm_Vertical,C225517,1
IS61WV204816BLL-10BLI,U36,TF-BGA-48L_ISI,C1348743,1
IS61WV204816BLL-10BLI,U31,TF-BGA-48L_ISI,C1349085,1
JA23331-HA6Q-4F,J28,AUDIO-TH_JA23331-HA6Q-4F,C225739,1
LED_RED,"D2,D3,D4,D5",LED_0805_2012Metric,C84256,4
M25PX32-VMW,"U27,U29",SOIC-8_5.3x6.2mm_P1.27mm,C2944643,2
PBI Option,J8,PinSocket_2x04_P2.54mm_Vertical,C225519,1
PCA9546APWR,U26,TSSOP-16_L5.0-W4.4-P0.65-LS6.4-BL,C400705,1
PCM5102A,U19,TSSOP-20_4.4x6.5mm_P0.65mm,C107671,1
PLT237/T10WH,U48,CONN-TH_PLT237-T10WH,C17296340,1
SA-0-102-C04-0004-WP,SW1,SW-TH_SA-0-102-C04-0004-WP,C22449118,1
SD-006M,Card2,SD-SMD_SD-006M,C125615,1
SMAJ5.0A,D1,D_SMA,C83329,1
SN74CB3T16211DGVR,"U30,U32,U35,U37",DGV56,C2674751,4
SPI CFG,J15,PinSocket_2x03_P2.54mm_Vertical,C225518,1
SPI SEL,J17,PinHeader_1x03_P2.54mm_Vertical,C49257,1
STM BOOT0,JP1,PinHeader_1x03_P2.54mm_Vertical,C49257,1
STM GPIO,J9,PinSocket_1x07_P2.54mm_Vertical,C225482,1
STM SWD,J10,PinHeader_1x05_P2.54mm_Vertical,C225480,1
STM USART TTL,J14,PinSocket_1x03_P2.54mm_Vertical,C49257,1
STM32F407ZGTx,U23,LQFP-144_20x20mm_P0.5mm,C36869,1
Si5351A-B-GT,"Y5,Y8",MSOP-10_3x3mm_P0.5mm,C504891,2
THS7316DR,U25,SOIC-8_L5.0-W4.0-P1.27-LS6.1-BL,C544774,1
TPD4E02B04DQA,"U1,U12,U2,U3,U4,U43,U45,U46,U47",USON-10_2.5x1.0mm_P0.5mm,C106794,9
TPD8E003DQDR,"U10,U13,U14,U18,U24,U28,U5,U6,U7,U8,U9",DQD8_1P2X0P4,C2867469,11
TPS62903RPJR,"U15,U16,U22",VQFN-HR-9_L2.0-W1.5-P0.50-TL,C2866502,3
TYPE-C-31-M-19,"USB1,USB2",USB-C-TH_TYPE-C-31-M-19,C2689968,2
USB HS/FS,SW2,SW-SMD_MST22D18G2,C431544,1
USB2514B_Bi,U44,QFN-36-1EP_6x6mm_P0.5mm_EP3.7x3.7mm,C16251,1
USB3300-EZK,U20,QFN-32-1EP_5x5mm_P0.5mm_EP3.45x3.45mm,C108383,1
USB_A,J20,USB_A_Molex_105057_Vertical,C586225,1
~,"J11,J16",DualDSub9Male,C5431655,2
