Designator,Val,Package,Mid X,Mid Y,Rotation,Layer
BT1,CR2032,BAT-TH_BS-05-A1BJ001,84.84,-30.86,180.0,top
C1,2.2uF,C_0603_1608Metric,112.63,-24.15,90.0,top
C10,0.1uF,C_0603_1608Metric,104.495,-37.89,180.0,top
C100,0.1uF,C_0603_1608Metric,224.795,-109.8,180.0,top
C101,0.1uF,C_0603_1608Metric,48.6,-112.07,180.0,top
C102,2.2uF,C_0603_1608Metric,163.635,-112.69,180.0,top
C103,2.2uF,C_0603_1608Metric,160.575,-112.7,0.0,top
C104,0.1uF,C_0603_1608Metric,224.725,-115.13,180.0,top
C105,0.1uF,C_0603_1608Metric,243.435,-115.43,180.0,top
C106,1uF,C_0805_2012Metric,212.03,-116.63,180.0,top
C107,100uF,C_1206_3216Metric,244.865,-117.61,180.0,top
C108,0.1uF,C_0603_1608Metric,49.08,-117.685,-90.0,top
C109,0.1uF,C_0603_1608Metric,73.79,-117.895,-90.0,top
C11,47nF,C_0603_1608Metric,240.5,-39.385,90.0,top
C110,0.1uF,C_0603_1608Metric,209.21,-119.055,90.0,top
C112,0.1uF,C_0603_1608Metric,213.29,-119.215,90.0,top
C113,10nF,C_0603_1608Metric,79.05,-121.405,90.0,top
C114,0.1uF,C_0603_1608Metric,216.64,-124.3,0.0,top
C115,0.1uF,C_0603_1608Metric,171.1,-125.025,-90.0,top
C116,0.1uF,C_0603_1608Metric,45.95,-125.29,90.0,top
C117,10uF,C_0805_2012Metric,173.19,-125.39,-90.0,top
C118,0.1uF,C_0603_1608Metric,205.98,-126.84,-90.0,top
C119,0.1uF,C_0603_1608Metric,209.79,-129.695,-90.0,top
C12,10nF,C_0603_1608Metric,21.475,-41.18,180.0,top
C120,0.1uF,C_0603_1608Metric,213.85,-129.75,-90.0,top
C122,100uF,C_1206_3216Metric,233.77,-134.5,90.0,top
C123,0.1uF,C_0603_1608Metric,235.99,-135.275,90.0,top
C124,18pF,C_0603_1608Metric,212.41,-136.505,90.0,top
C125,18pF,C_0603_1608Metric,209.76,-136.545,90.0,top
C126,0.1uF,C_0603_1608Metric,58.975,-25.79,0.0,top
C13,47nF,C_0603_1608Metric,240.5,-42.825,-90.0,top
C14,10uF,C_0805_2012Metric,24.31,-43.43,-90.0,top
C15,22pF,C_0603_1608Metric,86.46,-44.005,-90.0,top
C16,16pF,C_0603_1608Metric,101.91,-44.075,-90.0,top
C17,16pF,C_0603_1608Metric,103.76,-44.09,-90.0,top
C18,22pF,C_0603_1608Metric,81.54,-44.555,-90.0,top
C19,22uF,C_0805_2012Metric,22.5,-46.28,0.0,top
C2,2.2nF,C_0603_1608Metric,90.93,-25.035,90.0,top
C20,0.1uF,C_0603_1608Metric,119.545,-46.54,180.0,top
C21,4.7uF,C_0603_1608Metric,89.955,-46.72,0.0,top
C22,4.7uF,C_0603_1608Metric,80.53,-46.83,180.0,top
C23,2.2uF,C_0603_1608Metric,72.695,-46.96,0.0,top
C24,18pF,C_0603_1608Metric,108.47,-47.075,-90.0,top
C25,18pF,C_0603_1608Metric,110.42,-47.085,-90.0,top
C26,0.1uF,C_0603_1608Metric,78.16,-47.715,-90.0,top
C27,2.2uF,C_0603_1608Metric,72.705,-48.51,180.0,top
C28,1uF,C_0805_2012Metric,97.135,-48.53,0.0,top
C29,4.7nF,C_0603_1608Metric,90.73,-48.56,0.0,top
C3,2.2nF,C_0603_1608Metric,98.615,-30.4,180.0,top
C30,0.1uF,C_0603_1608Metric,87.69,-49.075,90.0,top
C31,10nF,C_0603_1608Metric,22.525,-49.09,0.0,top
C32,0.1uF,C_0603_1608Metric,80.03,-49.855,90.0,top
C33,4.7nF,C_0603_1608Metric,94.67,-49.97,-90.0,top
C34,0.1uF,C_0603_1608Metric,112.74,-50.14,0.0,top
C35,0.1uF,C_0603_1608Metric,105.38,-50.15,0.0,top
C36,0.1uF,C_0603_1608Metric,97.315,-50.44,0.0,top
C37,10uF,C_0805_2012Metric,25.08,-50.71,-90.0,top
C38,47nF,C_0603_1608Metric,239.425,-52.325,90.0,top
C39,0.1uF,C_0603_1608Metric,80.0,-52.845,90.0,top
C4,2.2uF,C_0603_1608Metric,103.18,-30.25,90.0,top
C40,0.1uF,C_0603_1608Metric,81.49,-53.295,90.0,top
C41,22uF,C_0805_2012Metric,22.73,-53.46,0.0,top
C42,10nF,C_0603_1608Metric,22.885,-55.2,0.0,top
C43,47nF,C_0603_1608Metric,239.425,-55.675,-90.0,top
C44,0.1uF,C_0603_1608Metric,90.055,-56.44,0.0,top
C45,10uF,C_0805_2012Metric,25.45,-56.85,-90.0,top
C46,4.7nF,C_0603_1608Metric,87.03,-58.4,0.0,top
C47,10uF,C_0805_2012Metric,74.05,-58.82,-90.0,top
C48,0.1uF,C_0603_1608Metric,75.83,-58.865,90.0,top
C49,4.7uF,C_0603_1608Metric,80.92,-59.375,-90.0,top
C5,100uF,C_1206_3216Metric,223.625,-29.56,0.0,top
C50,22uF,C_0805_2012Metric,23.14,-59.58,0.0,top
C51,4.7nF,C_0603_1608Metric,87.03,-59.95,0.0,top
C52,0.1uF,C_0603_1608Metric,90.115,-61.88,180.0,top
C53,0.1uF,C_0603_1608Metric,26.34,-65.285,-90.0,top
C54,100uF,C_1206_3216Metric,24.32,-66.035,-90.0,top
C55,0.1uF,C_0603_1608Metric,117.21,-66.245,-90.0,top
C56,47nF,C_0603_1608Metric,238.465,-66.535,90.0,top
C57,0.1uF,C_0603_1608Metric,51.415,-68.94,180.0,top
C58,47nF,C_0603_1608Metric,238.465,-70.085,-90.0,top
C59,22uF,C_0805_2012Metric,78.43,-71.45,90.0,top
C6,2.2uF,C_0603_1608Metric,119.065,-32.005,180.0,top
C60,2.2uF,C_0603_1608Metric,90.815,-71.52,180.0,top
C61,10uF,C_0805_2012Metric,74.68,-71.72,90.0,top
C62,0.1uF,C_0603_1608Metric,72.7,-71.755,90.0,top
C63,2.2uF,C_0603_1608Metric,113.62,-75.97,0.0,top
C64,0.1uF,C_0603_1608Metric,100.48,-76.31,-90.0,top
C65,0.1uF,C_0603_1608Metric,21.305,-76.87,0.0,top
C66,0.1uF,C_0603_1608Metric,117.245,-77.67,180.0,top
C67,33pF,C_0603_1608Metric,68.425,-78.5,180.0,top
C68,33pF,C_0603_1608Metric,71.525,-78.5,0.0,top
C69,33pF,C_0603_1608Metric,74.525,-78.5,180.0,top
C7,100uF,C_1206_3216Metric,24.48,-34.285,-90.0,top
C70,0.1uF,C_0603_1608Metric,51.67,-80.33,90.0,top
C71,47nF,C_0603_1608Metric,238.59,-82.365002,90.0,top
C72,0.1uF,C_0603_1608Metric,51.865,-83.88,0.0,top
C73,0.1uF,C_0603_1608Metric,79.45,-84.37,90.0,top
C74,0.1uF,C_0603_1608Metric,54.855,-84.48,180.0,top
C75,0.1uF,C_0603_1608Metric,77.96,-85.215,90.0,top
C76,0.1uF,C_0603_1608Metric,51.845,-85.42,180.0,top
C77,47nF,C_0603_1608Metric,238.69,-86.065002,-90.0,top
C78,0.1uF,C_0603_1608Metric,21.125,-87.06,0.0,top
C79,0.1uF,C_0603_1608Metric,39.95,-90.325,90.0,top
C8,0.1uF,C_0603_1608Metric,120.71,-37.575,90.0,top
C80,100uF,C_1206_3216Metric,237.53,-90.47,180.0,top
C81,0.1uF,C_0603_1608Metric,196.91,-91.28,180.0,top
C82,100uF,C_1206_3216Metric,244.865,-94.15,180.0,top
C83,0.1uF,C_0603_1608Metric,86.42,-94.84,0.0,top
C84,0.1uF,C_0603_1608Metric,240.56,-95.435,90.0,top
C85,100uF,C_1206_3216Metric,230.28,-95.585,90.0,top
C86,0.1uF,C_0603_1608Metric,93.27,-95.79,180.0,top
C87,0.1uF,C_0603_1608Metric,244.035,-96.22,180.0,top
C88,0.1uF,C_0603_1608Metric,52.06,-96.25,180.0,top
C89,0.1uF,C_0603_1608Metric,225.015,-98.42,180.0,top
C9,10uF,C_0805_2012Metric,122.52,-37.6,90.0,top
C90,0.1uF,C_0603_1608Metric,47.175,-98.44,180.0,top
C91,0.1uF,C_0603_1608Metric,40.17,-98.95,0.0,top
C92,0.1uF,C_0603_1608Metric,197.595,-103.4,180.0,top
C93,0.1uF,C_0603_1608Metric,224.855,-104.4,180.0,top
C94,0.1uF,C_0603_1608Metric,40.1,-104.9,90.0,top
C95,0.1uF,C_0603_1608Metric,245.945,-106.2,180.0,top
C96,0.1uF,C_0603_1608Metric,78.65,-106.31,0.0,top
C97,0.1uF,C_0603_1608Metric,93.21,-107.98,180.0,top
C98,100uF,C_1206_3216Metric,244.865,-108.79,180.0,top
C99,0.1uF,C_0603_1608Metric,53.72,-109.64,0.0,top
Card1,HDD,TF-SMD_472192001,36.41,-60.1827,-90.0,top
Card2,SD-006M,SD-SMD_SD-006M,250.1346,-134.2,90.0,top
D1,SMAJ5.0A,D_SMA,45.0,-32.64,0.0,top
D2,LED_RED,LED_0805_2012Metric,13.6,-34.4625,90.0,top
D3,LED_RED,LED_0805_2012Metric,16.1,-34.4625,90.0,top
D4,LED_RED,LED_0805_2012Metric,18.6,-34.4625,90.0,top
D5,LED_RED,LED_0805_2012Metric,21.1,-34.4625,90.0,top
D6,1N4148WS,D_SOD-323,119.67,-48.23,0.0,top
F1,0.5A,R_0603_1608Metric,219.135,-29.58,0.0,top
F2,0.1A,R_0603_1608Metric,45.26,-29.8,0.0,top
F3,0.5A,R_0603_1608Metric,134.54,-35.02,0.0,top
F4,0.5A,R_0603_1608Metric,204.355,-35.66,180.0,top
F5,0.5A,R_0603_1608Metric,245.425,-35.85,180.0,top
F6,0.5A,R_0603_1608Metric,155.88,-37.155,-90.0,top
FB1,70@100MHz,L_0805_2012Metric,98.89,-44.82,0.0,top
FB2,70@100MHz,L_0805_2012Metric,72.11,-58.86,90.0,top
FB3,70@100MHz,L_0805_2012Metric,74.78,-68.2325,-90.0,top
FB4,70@100MHz,L_0805_2012Metric,76.54,-71.2725,-90.0,top
FB5,70@100MHz,L_0805_2012Metric,53.36,-80.4375,-90.0,top
FB6,70@100MHz,L_0805_2012Metric,212.11,-114.71,0.0,top
FB7,70@100MHz,L_0805_2012Metric,47.58,-125.5575,-90.0,top
J10,STM SWD,PinHeader_1x05_P2.54mm_Vertical,114.28,-43.58,-90.0,top
J11,~,DualDSub9Male,255.708,-44.25,90.0,top
J12,Conn_01x05,PinHeader_1x05_P2.54mm_Vertical,37.7,-44.84,180.0,top
J14,STM USART TTL,PinSocket_1x03_P2.54mm_Vertical,123.0,-60.07,-90.0,top
J15,SPI CFG,PinSocket_2x03_P2.54mm_Vertical,63.71,-68.68,0.0,top
J16,~,DualDSub9Male,255.708,-76.43,90.0,top
J17,SPI SEL,PinHeader_1x03_P2.54mm_Vertical,27.81,-77.79,-90.0,top
J18,FPGA GPIO,PinSocket_1x07_P2.54mm_Vertical,98.86,-86.93,-90.0,top
J19,ESP PGM,PinHeader_1x05_P2.54mm_Vertical,144.76,-96.0,-90.0,top
J20,USB_A,USB_A_Molex_105057_Vertical,235.64,-99.91,-90.0,top
J21,73725-1180RLF,AMPHENOL_73725-1180RLF,252.295,-96.9375,90.0,top
J22,FPGA JTAG,IDC-Header_2x05_P2.54mm_Vertical,28.08,-97.16,180.0,top
J23,ESP JTAG,IDC-Header_2x05_P2.54mm_Vertical,164.39,-98.83,180.0,top
J24,CONSOL,PinHeader_1x05_P2.54mm_Vertical,216.57,-109.69,0.0,top
J25,73725-1180RLF,AMPHENOL_73725-1180RLF,252.345,-105.9375,90.0,top
J26,73725-1180RLF,AMPHENOL_73725-1180RLF,252.355,-114.9375,90.0,top
J27,I2C,PinHeader_2x02_P2.54mm_Vertical,20.2,-117.16,0.0,top
J28,JA23331-HA6Q-4F,AUDIO-TH_JA23331-HA6Q-4F,104.71,-21.07,180.0,top
J4,DE15_Pins_HighDensity_MountingHoles,DB9-TH_XDDB-1518-0932,81.32,-15.7099,180.0,top
J5,HDMI_A,HDMI-SMD_19P-P0.50-H-F,43.06,-17.775,180.0,top
J7,Conn_01x01,PinSocket_1x01_P2.54mm_Vertical,140.875,-31.5675,0.0,top
J8,PBI Option,PinSocket_2x04_P2.54mm_Vertical,142.17,-35.2725,-90.0,top
J9,STM GPIO,PinSocket_1x07_P2.54mm_Vertical,80.64,-40.09,90.0,top
JP1,STM BOOT0,PinHeader_1x03_P2.54mm_Vertical,118.84,-50.96,-90.0,top
L1,1uF/DFE252012F-1R0M=P2,L_1008_2520Metric,19.35,-44.58,90.0,top
L2,1uF/DFE252012F-1R0M=P2,L_1008_2520Metric,19.63,-51.96,90.0,top
L3,1uF/DFE252012F-1R0M=P2,L_1008_2520Metric,19.99,-57.855,90.0,top
Q1,BCX51,SOT-89-3,210.94,-35.8,0.0,top
Q2,DMN2058U,SOT-23,15.55,-39.0,0.0,top
Q3,2N7002,SOT-23,115.8825,-47.26,90.0,top
R1,1m,R_0603_1608Metric,112.63,-21.075,90.0,top
R10,47k,R_0603_1608Metric,112.375,-29.58,0.0,top
R100,4k7,R_0603_1608Metric,244.625,-90.4,0.0,top
R101,10k,R_0603_1608Metric,34.25,-92.735,90.0,top
R102,10k,R_0603_1608Metric,34.24,-96.075,-90.0,top
R103,10k,R_0603_1608Metric,171.865,-98.53,180.0,top
R104,1k,R_0603_1608Metric,34.3,-101.065,90.0,top
R105,20k,R_0603_1608Metric,221.78,-101.255,90.0,top
R106,10k,R_0603_1608Metric,133.4,-102.55,0.0,top
R107,10k,R_0603_1608Metric,221.005,-103.5,0.0,top
R108,10k,R_0603_1608Metric,171.945,-103.91,0.0,top
R109,20k,R_0603_1608Metric,221.78,-106.665,90.0,top
R11,4k7,R_0603_1608Metric,154.2,-28.575,-90.0,top
R110,10k,R_0603_1608Metric,133.42,-107.41,180.0,top
R111,10k,R_0603_1608Metric,221.01,-108.92,0.0,top
R112,22,R_0603_1608Metric,63.945,-109.72,180.0,top
R113,10k,R_0603_1608Metric,133.435,-110.75,0.0,top
R114,20k,R_0603_1608Metric,221.75,-112.045,90.0,top
R115,1k,R_0603_1608Metric,157.51,-112.72,0.0,top
R116,1m,R_0603_1608Metric,166.784999,-112.74,0.0,top
R117,10k,R_0603_1608Metric,221.005,-114.28,0.0,top
R118,10k,R_0603_1608Metric,74.42,-115.25,0.0,top
R119,20k,R_0603_1608Metric,221.76,-117.435,90.0,top
R12,4k7,R_0603_1608Metric,144.24,-28.605,-90.0,top
R120,22,R_0603_1608Metric,83.02,-118.215,90.0,top
R121,10k,R_0603_1608Metric,158.18,-118.69,180.0,top
R122,10k,R_0603_1608Metric,221.025,-119.68,0.0,top
R123,22,R_0603_1608Metric,44.0,-121.25,90.0,top
R124,100k,R_0603_1608Metric,205.195,-121.32,0.0,top
R125,100k,R_0603_1608Metric,205.185,-122.9,0.0,top
R126,22,R_0603_1608Metric,46.69,-123.04,0.0,top
R127,100k,R_0603_1608Metric,205.17,-124.46,0.0,top
R128,10k,R_0603_1608Metric,204.32,-126.885,90.0,top
R129,4k7,R_0603_1608Metric,39.94,-127.23,180.0,top
R13,2k7,R_0603_1608Metric,150.41,-28.61,-90.0,top
R130,22,R_0603_1608Metric,45.1,-127.59,0.0,top
R131,4k7,R_0603_1608Metric,39.935,-128.75,180.0,top
R132,100k,R_0603_1608Metric,208.26,-129.675,90.0,top
R133,12k,R_0603_1608Metric,215.42,-129.785,90.0,top
R14,4k7,R_0603_1608Metric,53.925,-28.67,0.0,top
R15,4k7,R_0603_1608Metric,197.5,-29.225,-90.0,top
R16,1k,R_0603_1608Metric,13.5,-29.475,-90.0,top
R17,470,R_0603_1608Metric,16.033333,-29.475,-90.0,top
R18,470,R_0603_1608Metric,18.566667,-29.475,-90.0,top
R19,470,R_0603_1608Metric,21.1,-29.475,-90.0,top
R2,470,R_0603_1608Metric,90.93,-21.96,-90.0,top
R20,47k,R_0603_1608Metric,109.285,-29.57,0.0,top
R21,5k1,R_0603_1608Metric,27.1,-29.815,-90.0,top
R22,5k1,R_0603_1608Metric,29.08,-29.855,-90.0,top
R23,1m,R_0603_1608Metric,122.215,-32.005,0.0,top
R24,10k,R_0603_1608Metric,134.555,-32.57,0.0,top
R25,47k,R_0603_1608Metric,103.685,-33.47,0.0,top
R26,47k,R_0603_1608Metric,121.56,-34.0,180.0,top
R27,10k,R_0603_1608Metric,117.66,-36.205,90.0,top
R28,10k,R_0603_1608Metric,134.575,-37.17,0.0,top
R29,10k,R_0603_1608Metric,119.16,-37.575,-90.0,top
R3,4k7,R_0603_1608Metric,51.265,-23.97,180.0,top
R30,1k,R_0603_1608Metric,243.025,-40.05,0.0,top
R31,10k,R_0603_1608Metric,104.54,-40.8,0.0,top
R32,32k4,R_0603_1608Metric,24.475,-40.96,0.0,top
R33,2k7,R_0603_1608Metric,212.605,-41.32,180.0,top
R34,2k7,R_0603_1608Metric,209.505,-41.36,180.0,top
R35,100k,R_0603_1608Metric,13.3,-41.7,-90.0,top
R36,1k,R_0603_1608Metric,243.025,-42.0,0.0,top
R37,1m,R_0603_1608Metric,84.205,-45.26,180.0,top
R38,4k7,R_0603_1608Metric,246.375,-46.05,0.0,top
R39,1m,R_0603_1608Metric,101.245,-46.47,180.0,top
R4,5k1,R_0603_1608Metric,121.995,-24.49,0.0,top
R40,40k2,R_0603_1608Metric,19.485,-48.11,180.0,top
R41,26k1,R_0603_1608Metric,25.655,-48.14,0.0,top
R42,12K 1%,R_0603_1608Metric,81.52,-49.845,90.0,top
R43,1k,R_0603_1608Metric,90.095,-50.06,180.0,top
R44,47k,R_0603_1608Metric,17.06,-50.355,-90.0,top
R45,47k,R_0603_1608Metric,27.04,-50.485,-90.0,top
R46,100,R_0603_1608Metric,52.12,-51.12,90.0,top
R47,100,R_0603_1608Metric,54.32,-51.145,90.0,top
R48,1k,R_0603_1608Metric,92.955,-52.365,90.0,top
R49,1k,R_0603_1608Metric,241.875,-53.05,0.0,top
R5,5k1,R_0603_1608Metric,119.65,-25.255,-90.0,top
R50,1k,R_0603_1608Metric,241.875,-54.9,0.0,top
R51,100k,R_0603_1608Metric,118.905,-54.91,0.0,top
R52,26k1,R_0603_1608Metric,19.32,-55.14,180.0,top
R53,820,R_0603_1608Metric,80.9,-56.315,-90.0,top
R54,1k,R_0603_1608Metric,122.165,-56.53,180.0,top
R55,10k,R_0603_1608Metric,118.725,-57.03,0.0,top
R56,1k,R_0603_1608Metric,90.08,-58.4,180.0,top
R58,4k7,R_0603_1608Metric,245.125,-59.4,0.0,top
R59,1k,R_0603_1608Metric,90.105,-59.95,0.0,top
R6,470,R_0603_1608Metric,94.595,-26.3,0.0,top
R60,10k,R_0603_1608Metric,86.0,-61.66,180.0,top
R61,22,R_0603_1608Metric,116.6,-63.065,-90.0,top
R62,4k7,R_0603_1608Metric,50.46,-66.095,-90.0,top
R63,4k7,R_0603_1608Metric,52.3,-66.095,-90.0,top
R64,75,R_0603_1608Metric,67.59,-66.475,90.0,top
R65,75,R_0603_1608Metric,70.65,-66.485,90.0,top
R66,75,R_0603_1608Metric,69.13,-66.49,90.0,top
R67,1k,R_0603_1608Metric,240.79,-67.26,0.0,top
R68,1k,R_0603_1608Metric,240.855,-69.26,0.0,top
R69,10k,R_0603_1608Metric,31.725,-72.02,180.0,top
R7,1k,R_0603_1608Metric,117.165,-26.74,180.0,top
R70,10k,R_0603_1608Metric,19.1,-73.22,0.0,top
R71,22,R_0603_1608Metric,31.66,-73.55,0.0,top
R72,4k7,R_0603_1608Metric,244.325,-73.8,0.0,top
R73,10k,R_0603_1608Metric,76.4,-74.2,0.0,top
R74,10k,R_0603_1608Metric,73.375,-74.8,0.0,top
R75,10k,R_0603_1608Metric,31.625,-75.25,180.0,top
R76,22,R_0603_1608Metric,52.725,-76.4,0.0,top
R77,22,R_0603_1608Metric,109.715,-76.735,-90.0,top
R78,22,R_0603_1608Metric,111.285,-76.735,-90.0,top
R79,750 0.1%,R_0603_1608Metric,67.175,-76.93,0.0,top
R8,1m,R_0603_1608Metric,105.465,-29.48,180.0,top
R80,750 0.1%,R_0603_1608Metric,70.765,-76.93,180.0,top
R81,750 0.1%,R_0603_1608Metric,73.775,-76.93,0.0,top
R82,6k04 0.1%,R_0603_1608Metric,77.3,-77.625,90.0,top
R83,1k47 0.1%,R_0603_1608Metric,78.8,-77.625,90.0,top
R84,22,R_0603_1608Metric,52.725,-77.94,0.0,top
R85,49k9 0.1%,R_0603_1608Metric,68.3,-80.73,90.0,top
R86,6k04 0.1%,R_0603_1608Metric,69.806667,-80.73,90.0,top
R87,49k9 0.1%,R_0603_1608Metric,72.82,-80.73,90.0,top
R88,6k04 0.1%,R_0603_1608Metric,74.326667,-80.73,90.0,top
R89,1k47 0.1%,R_0603_1608Metric,75.833333,-80.73,90.0,top
R9,1m,R_0603_1608Metric,114.75,-27.465,-90.0,top
R90,49k9 0.1%,R_0603_1608Metric,77.34,-80.73,90.0,top
R91,1k47 0.1%,R_0603_1608Metric,71.313333,-81.015,90.0,top
R92,4k7,R_0603_1608Metric,42.595,-82.805,0.0,top
R93,4k7,R_0603_1608Metric,45.67,-82.805,180.0,top
R94,1k,R_0603_1608Metric,241.315,-83.390002,0.0,top
R95,22,R_0603_1608Metric,49.12,-83.425,-90.0,top
R96,22,R_0603_1608Metric,32.005,-83.57,0.0,top
R97,2k7,R_0603_1608Metric,69.0,-83.775,90.0,top
R98,1k,R_0603_1608Metric,241.365,-85.290002,0.0,top
R99,10k,R_0603_1608Metric,32.005,-85.7,180.0,top
RN1,270,R_Array_Convex_4x0603,38.37,-26.74,0.0,top
RN10,22,R_Array_Convex_4x0603,119.62,-73.88,270.0,top
RN11,4k7,R_Array_Convex_4x0603,244.665,-86.66,270.0,top
RN12,47k,R_Array_Convex_4x0603,232.79,-127.17,90.0,top
RN13,47k,R_Array_Convex_4x0603,232.6,-145.01,90.0,top
RN2,270,R_Array_Convex_4x0603,42.47,-26.74,0.0,top
RN3,4k7,R_Array_Convex_4x0603,228.6,-30.68,270.0,top
RN4,4k7,R_Array_Convex_4x0603,246.23,-31.34,90.0,top
RN5,4k7,R_Array_Convex_4x0603,246.26,-42.97,270.0,top
RN6,4k7,R_Array_Convex_4x0603,245.15,-56.0,270.0,top
RN7,22,R_Array_Convex_4x0603,119.6,-70.05,270.0,top
RN8,47k,R_Array_Convex_4x0603,36.78,-70.1427,180.0,top
RN9,4k7,R_Array_Convex_4x0603,244.3,-70.25,270.0,top
SW1,SA-0-102-C04-0004-WP,SW-TH_SA-0-102-C04-0004-WP,17.19,-20.96,-90.0,top
SW2,USB HS/FS,SW-SMD_MST22D18G2,125.25,-43.3499,90.0,top
U1,TPD4E02B04DQA,USON-10_2.5x1.0mm_P0.5mm,45.835,-25.94,270.0,top
U10,TPD8E003DQDR,DQD8_1P2X0P4,190.195,-29.079999,0.0,top
U11,74LVC1G17,SOT-23-5,118.6575,-29.48,270.0,top
U12,TPD4E02B04DQA,USON-10_2.5x1.0mm_P0.5mm,69.315,-35.13,270.0,top
U13,TPD8E003DQDR,DQD8_1P2X0P4,191.14,-36.31,0.0,top
U14,TPD8E003DQDR,DQD8_1P2X0P4,246.025,-39.600001,0.0,top
U15,TPS62903RPJR,VQFN-HR-9_L2.0-W1.5-P0.50-TL,22.01995,-43.9149,0.0,top
U16,TPS62903RPJR,VQFN-HR-9_L2.0-W1.5-P0.50-TL,22.37495,-51.1951,0.0,top
U17,FSUSB42UMX-TP,XQFN-10_L1.8-W1.4-P0.40-TL,125.4401,-51.8999,-90.0,top
U18,TPD8E003DQDR,DQD8_1P2X0P4,244.875,-52.349999,0.0,top
U19,PCM5102A,TSSOP-20_4.4x6.5mm_P0.65mm,75.1125,-52.845,270.0,top
U2,TPD4E02B04DQA,USON-10_2.5x1.0mm_P0.5mm,48.715,-25.94,90.0,top
U20,USB3300-EZK,QFN-32-1EP_5x5mm_P0.5mm_EP3.45x3.45mm,85.39,-53.8325,0.0,top
U21,FSUSB42UMX-TP,XQFN-10_L1.8-W1.4-P0.40-TL,125.4401,-55.65,90.0,top
U22,TPS62903RPJR,VQFN-HR-9_L2.0-W1.5-P0.50-TL,22.77995,-57.1249,0.0,top
U23,STM32F407ZGTx,LQFP-144_20x20mm_P0.5mm,104.0125,-63.14,180.0,top
U24,TPD8E003DQDR,DQD8_1P2X0P4,244.325,-66.600001,0.0,top
U25,THS7316DR,SOIC-8_L5.0-W4.0-P1.27-LS6.1-BL,69.305,-72.2351,270.0,top
U26,PCA9546APWR,TSSOP-16_L5.0-W4.4-P0.65-LS6.4-BL,51.34,-72.48,180.0,top
U27,M25PX32-VMW,SOIC-8_5.3x6.2mm_P1.27mm,25.375,-72.615,90.0,top
U28,TPD8E003DQDR,DQD8_1P2X0P4,244.725,-82.849999,0.0,top
U29,M25PX32-VMW,SOIC-8_5.3x6.2mm_P1.27mm,25.78,-82.975,90.0,top
U3,TPD4E02B04DQA,USON-10_2.5x1.0mm_P0.5mm,34.635,-26.19,90.0,top
U30,SN74CB3T16211DGVR,DGV56,203.0494,-90.000001,0.0,top
U31,IS61WV204816BLL-10BLI,TF-BGA-48L_ISI,44.125,-90.224783,0.0,top
U32,SN74CB3T16211DGVR,DGV56,98.7094,-94.750001,0.0,top
U33,10CL040f484,FBGA484_WIREBOND_A-2.40_INT,65.36,-97.11,-90.0,top
U34,AP2553AW6-7,SOT-26_L3.0-W1.6-P0.95-LS2.8-BL,224.0,-101.695,180.0,top
U35,SN74CB3T16211DGVR,DGV56,203.1006,-102.330001,0.0,top
U36,IS61WV204816BLL-10BLI,TF-BGA-48L_ISI,44.155,-104.874783,0.0,top
U37,SN74CB3T16211DGVR,DGV56,98.71,-106.77,0.0,top
U38,AP2553AW6-7,SOT-26_L3.0-W1.6-P0.95-LS2.8-BL,224.0,-107.088333,180.0,top
U39,AP2553AW6-7,SOT-26_L3.0-W1.6-P0.95-LS2.8-BL,224.0,-112.481667,180.0,top
U4,TPD4E02B04DQA,USON-10_2.5x1.0mm_P0.5mm,122.925,-28.13,270.0,top
U40,ESP32-WROVER-E-N8R8,WIFI-SMD_ESP32-WROVER-IE8MB,145.7599,-113.9,90.0,top
U41,AP2553AW6-7,SOT-26_L3.0-W1.6-P0.95-LS2.8-BL,224.0,-117.875,180.0,top
U42,AS4C16M16SA,TSOP-II-54_22.2x10.16mm_P0.8mm,61.45,-118.11,-90.0,top
U43,TPD4E02B04DQA,USON-10_2.5x1.0mm_P0.5mm,218.225,-118.58,270.0,top
U44,USB2514B_Bi,QFN-36-1EP_6x6mm_P0.5mm_EP3.7x3.7mm,211.3,-124.36,180.0,top
U45,TPD4E02B04DQA,USON-10_2.5x1.0mm_P0.5mm,218.185,-129.88,270.0,top
U46,TPD4E02B04DQA,USON-10_2.5x1.0mm_P0.5mm,226.315,-131.4,90.0,top
U47,TPD4E02B04DQA,USON-10_2.5x1.0mm_P0.5mm,226.325,-142.3,90.0,top
U48,PLT237/T10WH,CONN-TH_PLT237-T10WH,58.68,-19.96,0.0,top
U5,TPD8E003DQDR,DQD8_1P2X0P4,147.575,-28.499999,0.0,top
U6,TPD8E003DQDR,DQD8_1P2X0P4,215.505,-28.500001,0.0,top
U7,TPD8E003DQDR,DQD8_1P2X0P4,157.595,-28.980001,0.0,top
U8,TPD8E003DQDR,DQD8_1P2X0P4,168.235,-28.990001,0.0,top
U9,TPD8E003DQDR,DQD8_1P2X0P4,179.215,-29.050001,0.0,top
USB1,TYPE-C-31-M-19,USB-C-TH_TYPE-C-31-M-19,27.59,-20.79,180.0,top
USB2,TYPE-C-31-M-19,USB-C-TH_TYPE-C-31-M-19,116.23,-20.95,180.0,top
Y1,24MHz,Crystal_SMD_3225-4Pin_3.2x2.5mm,84.66,-47.79,0.0,top
Y2,8MHz,Crystal_SMD_3225-4Pin_3.2x2.5mm,101.7,-49.12,0.0,top
Y3,32.768KHz,Crystal_SMD_3215-2Pin_3.2x1.5mm,108.97,-49.8,0.0,top
Y4,25MHz,Crystal_SMD_3225-4Pin_3.2x2.5mm,41.46,-79.8,0.0,top
Y5,Si5351A-B-GT,MSOP-10_3x3mm_P0.5mm,47.37,-80.155,0.0,top
Y6,ASE-27MHz,Oscillator_SMD_Abracon_ASE-4Pin_3.2x2.5mm,81.93,-121.475,0.0,top
Y7,25MHz,Crystal_SMD_3225-4Pin_3.2x2.5mm,35.66,-123.91,0.0,top
Y8,Si5351A-B-GT,MSOP-10_3x3mm_P0.5mm,41.9275,-124.505,0.0,top
Y9,24MHz,Crystal_SMD_3225-4Pin_3.2x2.5mm,211.09,-133.23,0.0,top
